Model,True_Negative,False_Positive,False_Negative,True_Positive,Sensitivity_Recall,Specificity,Accuracy,F1_Score
Logistic Regression,728,232,13,49,0.7903225806451613,0.7583333333333333,0.7602739726027398,0.2857142857142857
Decision Tree,933,27,50,12,0.1935483870967742,0.971875,0.9246575342465754,0.2376237623762376
Random Forest,960,0,60,2,0.03225806451612903,1.0,0.9412915851272016,0.0625
SVM (RBF),769,191,23,39,0.6290322580645161,0.8010416666666667,0.7906066536203522,0.2671232876712329
Gradient Boosting,946,14,58,4,0.06451612903225806,0.9854166666666667,0.9295499021526419,0.1
